pc,explained-var
1,0.7296244502067566
2,0.22850766777992249
3,0.036689192056655884
4,0.0051787253469228745
